<?xml version="1.0"?>
<doc>
    <assembly>
        <name>CIS.Infrastructure.Messaging</name>
    </assembly>
    <members>
        <member name="T:CIS.Infrastructure.Messaging.Artemis.Middlewares.ContentTypeReceiveObserver">
            <summary>
            SpringBoot SDK application uses as Content-Type header key contentType which is not supported by MassTransit.
            In PreReceive event we check if this is ActiveMQ context and if yes rewrite header to allow correct deserializer choose.
            </summary>
        </member>
        <member name="T:CIS.Infrastructure.Messaging.AssemblyDoc">
            <summary>
            Konfigurace a helpery pro autentizaci gRPC služeb.
            </summary>
        </member>
        <member name="T:CIS.Infrastructure.Messaging.NamespaceDoc">
            <summary>
            Helpery pro autentizaci gRPC služeb.
            </summary>
        </member>
        <member name="T:CIS.Infrastructure.Messaging.Configuration.NamespaceDoc">
            <summary>
            Nastavení konfigurace autentizace z appsettings.json.
            </summary>
        </member>
        <member name="T:CIS.Infrastructure.Messaging.Kafka.NamespaceDoc">
            <summary>
            Helpery pro konzumacia produkování zpráv do Kafky
            </summary>
        </member>
        <member name="F:CIS.Infrastructure.Messaging.Constants.KafkaConfigurationElement">
            <summary>
            Nazev elementu v appsettings.json, ve kterem je konfigurace Kafky
            </summary>
        </member>
        <member name="F:CIS.Infrastructure.Messaging.Constants.ArtemisConfigurationElement">
            <summary>
            Nazev elementu v appsettings.json, ve kterem je konfigurace ActiveMQ Artemis
            </summary>
        </member>
        <member name="F:CIS.Infrastructure.Messaging.Constants.MessagingConfigurationElement">
            <summary>
            Nazev root element v appsettings.json pod ktery jsou konfigurace Messagingu
            </summary>
        </member>
        <member name="T:CIS.Infrastructure.Messaging.Shared.SchemaRegistry.ApicurioClient">
            <summary>
            
            </summary>
        </member>
        <member name="P:CIS.Infrastructure.Messaging.Shared.SchemaRegistry.ApicurioClient.MaxCachedSchemas">
            <inheritdoc/>
        </member>
        <member name="P:CIS.Infrastructure.Messaging.Shared.SchemaRegistry.ApicurioClient.Config">
            <summary>
            The client config
            </summary>
        </member>
        <member name="P:CIS.Infrastructure.Messaging.Shared.SchemaRegistry.ApicurioClient.AuthHeaderProvider">
            <inheritdoc/>
        </member>
        <member name="P:CIS.Infrastructure.Messaging.Shared.SchemaRegistry.ApicurioClient.Proxy">
            <inheritdoc/>
        </member>
        <member name="M:CIS.Infrastructure.Messaging.Shared.SchemaRegistry.ApicurioClient.#ctor(KB.Speed.Messaging.Kafka.SchemaRegistry.IApicurioRestClient)">
            <summary>
            
            </summary>
            <param name="schemaRegistryConfig"></param>
            <param name="client"></param>
        </member>
        <member name="M:CIS.Infrastructure.Messaging.Shared.SchemaRegistry.ApicurioClient.ConstructKeySubjectName(System.String,System.String)">
            <inheritdoc/>
        </member>
        <member name="M:CIS.Infrastructure.Messaging.Shared.SchemaRegistry.ApicurioClient.ConstructValueSubjectName(System.String,System.String)">
            <inheritdoc/>
        </member>
        <member name="M:CIS.Infrastructure.Messaging.Shared.SchemaRegistry.ApicurioClient.GetAllSubjectsAsync">
            <inheritdoc/>
        </member>
        <member name="M:CIS.Infrastructure.Messaging.Shared.SchemaRegistry.ApicurioClient.GetLatestSchemaAsync(System.String)">
            <inheritdoc/>
        </member>
        <member name="M:CIS.Infrastructure.Messaging.Shared.SchemaRegistry.ApicurioClient.GetRegisteredSchemaAsync(System.String,System.Int32,System.Boolean)">
            <inheritdoc/>
        </member>
        <member name="M:CIS.Infrastructure.Messaging.Shared.SchemaRegistry.ApicurioClient.GetSchemaAsync(System.Int32,System.String)">
            <inheritdoc/>
        </member>
        <member name="M:CIS.Infrastructure.Messaging.Shared.SchemaRegistry.ApicurioClient.GetSchemaAsync(System.String,System.Int32)">
            <inheritdoc/>
        </member>
        <member name="M:CIS.Infrastructure.Messaging.Shared.SchemaRegistry.ApicurioClient.GetSchemaIdAsync(System.String,System.String)">
            <inheritdoc/>
        </member>
        <member name="M:CIS.Infrastructure.Messaging.Shared.SchemaRegistry.ApicurioClient.GetSchemaIdAsync(System.String,Confluent.SchemaRegistry.Schema)">
            <inheritdoc/>
        </member>
        <member name="M:CIS.Infrastructure.Messaging.Shared.SchemaRegistry.ApicurioClient.GetSubjectVersionsAsync(System.String)">
            <inheritdoc/>
        </member>
        <member name="M:CIS.Infrastructure.Messaging.Shared.SchemaRegistry.ApicurioClient.IsCompatibleAsync(System.String,System.String)">
            <inheritdoc/>
        </member>
        <member name="M:CIS.Infrastructure.Messaging.Shared.SchemaRegistry.ApicurioClient.IsCompatibleAsync(System.String,Confluent.SchemaRegistry.Schema)">
            <inheritdoc/>
        </member>
        <member name="M:CIS.Infrastructure.Messaging.Shared.SchemaRegistry.ApicurioClient.RegisterSchemaAsync(System.String,System.String,System.Boolean)">
            <inheritdoc/>
        </member>
        <member name="M:CIS.Infrastructure.Messaging.Shared.SchemaRegistry.ApicurioClient.RegisterSchemaAsync(System.String,Confluent.SchemaRegistry.Schema,System.Boolean)">
            <inheritdoc/>
        </member>
        <member name="M:CIS.Infrastructure.Messaging.Shared.SchemaRegistry.ApicurioClient.GetSchemaIdAsync(System.String,System.String,System.Boolean)">
            <inheritdoc/>
        </member>
        <member name="M:CIS.Infrastructure.Messaging.Shared.SchemaRegistry.ApicurioClient.GetSchemaIdAsync(System.String,Confluent.SchemaRegistry.Schema,System.Boolean)">
            <inheritdoc/>
        </member>
        <member name="M:CIS.Infrastructure.Messaging.Shared.SchemaRegistry.ApicurioClient.LookupSchemaAsync(System.String,Confluent.SchemaRegistry.Schema,System.Boolean,System.Boolean)">
            <inheritdoc/>
        </member>
        <member name="M:CIS.Infrastructure.Messaging.Shared.SchemaRegistry.ApicurioClient.GetSchemaBySubjectAndIdAsync(System.String,System.Int32,System.String)">
            <summary>
            ets the schema uniquely identified by subject and id.
            </summary>
            <param name="subject"></param>
            <param name="id"></param>
            <param name="format"></param>
            <returns></returns>
            <exception cref="T:System.NotSupportedException"></exception>
        </member>
        <member name="M:CIS.Infrastructure.Messaging.Shared.SchemaRegistry.ApicurioClient.GetLatestWithMetadataAsync(System.String,System.Collections.Generic.IDictionary{System.String,System.String},System.Boolean)">
            <summary>
            Get the latest schema with the given metadata registered against the specified subject.
            </summary>
            <param name="subject"></param>
            <param name="metadata"></param>
            <param name="ignoreDeletedSchemas"></param>
            <returns></returns>
            <exception cref="T:System.NotSupportedException"></exception>
        </member>
        <member name="M:CIS.Infrastructure.Messaging.Shared.SchemaRegistry.ApicurioClient.GetCompatibilityAsync(System.String)">
            <inheritdoc/>
        </member>
        <member name="M:CIS.Infrastructure.Messaging.Shared.SchemaRegistry.ApicurioClient.UpdateCompatibilityAsync(Confluent.SchemaRegistry.Compatibility,System.String)">
            <inheritdoc/>
        </member>
        <member name="M:CIS.Infrastructure.Messaging.Shared.SchemaRegistry.ApicurioClient.ClearLatestCaches">
            <summary>
            Clears caches of latest versions
            </summary>
        </member>
        <member name="M:CIS.Infrastructure.Messaging.Shared.SchemaRegistry.ApicurioClient.ClearCaches">
            <summary>
            Clears all caches.
            </summary>
        </member>
        <member name="M:CIS.Infrastructure.Messaging.Shared.SchemaRegistry.ApicurioClient.CheckSchemaMatchesFormat(System.String,System.String)">
            <summary>
                Check if the given schema string matches a given format name.
            </summary>
        </member>
        <member name="M:CIS.Infrastructure.Messaging.Shared.SchemaRegistry.ApicurioRestClient.GetSchemaAsync(System.Int32)">
            <inheritdoc/>
        </member>
        <member name="M:CIS.Infrastructure.Messaging.Shared.SchemaRegistry.ApicurioRestClient.GetSchemaAsync(System.Int32,System.Threading.CancellationToken)">
            <inheritdoc/>
        </member>
        <member name="M:CIS.Infrastructure.Messaging.Shared.SchemaRegistry.ApicurioRestClient.GetSchemaAsync(System.String,System.Int32)">
            <inheritdoc/>
        </member>
        <member name="M:CIS.Infrastructure.Messaging.Shared.SchemaRegistry.ApicurioRestClient.GetSchemaAsync(System.String,System.Int32,System.Threading.CancellationToken)">
            <inheritdoc/>
        </member>
        <member name="M:CIS.Infrastructure.Messaging.Shared.SchemaRegistry.ApicurioRestClient.LookupSchemaAsync(System.String,Confluent.SchemaRegistry.Schema)">
            <inheritdoc/>
        </member>
        <member name="M:CIS.Infrastructure.Messaging.Shared.SchemaRegistry.ApicurioRestClient.LookupSchemaAsync(System.String,Confluent.SchemaRegistry.Schema,System.Threading.CancellationToken)">
            <inheritdoc/>
        </member>
        <member name="M:CIS.Infrastructure.Messaging.Shared.SchemaRegistry.ApicurioRestClient.GetAvailableVersionsAsync(System.String)">
            <inheritdoc/>
        </member>
        <member name="M:CIS.Infrastructure.Messaging.Shared.SchemaRegistry.ApicurioRestClient.GetAvailableVersionsAsync(System.String,System.Threading.CancellationToken)">
            <inheritdocs/>
        </member>
        <member name="T:KB.Speed.Messaging.Kafka.SchemaRegistry.IApicurioRestClient">
            <summary>
            Apicurio rest client interface
            </summary>
        </member>
        <member name="M:KB.Speed.Messaging.Kafka.SchemaRegistry.IApicurioRestClient.GetSchemaAsync(System.Int32)">
            <summary>
                Gets the schema uniquely identified by <paramref name="id" />.
            </summary>
            <param name="id">
                The unique id of schema to get.
            </param>
            <returns>
                The schema identified by <paramref name="id" />.
            </returns>
        </member>
        <member name="M:KB.Speed.Messaging.Kafka.SchemaRegistry.IApicurioRestClient.GetSchemaAsync(System.Int32,System.Threading.CancellationToken)">
            <summary>
                Gets the schema uniquely identified by <paramref name="id" />.
            </summary>
            <param name="id">
                The unique id of schema to get.
            </param>
            <param name="cancellationToken"></param>
            <returns>
                The schema identified by <paramref name="id" />.
            </returns>
        </member>
        <member name="M:KB.Speed.Messaging.Kafka.SchemaRegistry.IApicurioRestClient.GetSchemaAsync(System.String,System.Int32)">
            <summary>
                Gets a schema given a <paramref name="subject" /> and <paramref name="version" /> number.
            </summary>
            <param name="subject">
                The subject to get the schema for.
            </param>
            <param name="version">
                The version number of schema to get.
            </param>
            <returns>
                The schema identified by the specified <paramref name="subject" /> and <paramref name="version" />.
            </returns>
        </member>
        <member name="M:KB.Speed.Messaging.Kafka.SchemaRegistry.IApicurioRestClient.GetSchemaAsync(System.String,System.Int32,System.Threading.CancellationToken)">
            <summary>
                Gets a schema given a <paramref name="subject" /> and <paramref name="version" /> number.
            </summary>
            <param name="subject">
                The subject to get the schema for.
            </param>
            <param name="version">
                The version number of schema to get.
            </param>
            <param name="cancellationToken"></param>
            <returns>
                The schema identified by the specified <paramref name="subject" /> and <paramref name="version" />.
            </returns>
        </member>
        <member name="M:KB.Speed.Messaging.Kafka.SchemaRegistry.IApicurioRestClient.LookupSchemaAsync(System.String,Confluent.SchemaRegistry.Schema)">
            <summary>
                Get the registered schema details (including version and id)
                given a subject name and schema, or throw an exception if
                the schema is not registered against the subject.
            </summary>
            <param name="subject">
                The subject name the schema is registered against.
            </param>
            <param name="schema">
                The schema to lookup.
            </param>
            <returns>
                The schema identified by the specified <paramref name="subject" /> and <paramref name="schema" />.
            </returns>
        </member>
        <member name="M:KB.Speed.Messaging.Kafka.SchemaRegistry.IApicurioRestClient.LookupSchemaAsync(System.String,Confluent.SchemaRegistry.Schema,System.Threading.CancellationToken)">
            <summary>
                Get the registered schema details (including version and id)
                given a subject name and schema, or throw an exception if
                the schema is not registered against the subject.
            </summary>
            <param name="subject">
                The subject name the schema is registered against.
            </param>
            <param name="schema">
                The schema to lookup.
            </param>
            <param name="cancellationToken"></param>
            <returns>
                The schema identified by the specified <paramref name="subject" /> and <paramref name="schema" />.
            </returns>
        </member>
        <member name="M:KB.Speed.Messaging.Kafka.SchemaRegistry.IApicurioRestClient.GetAvailableVersionsAsync(System.String)">
            <summary>
            Get list of version numbers for a specific schema
            </summary>
            <param name="subject">The subject name the schema is registered against.</param>
            <returns></returns>
        </member>
        <member name="M:KB.Speed.Messaging.Kafka.SchemaRegistry.IApicurioRestClient.GetAvailableVersionsAsync(System.String,System.Threading.CancellationToken)">
            <summary>
            Get list of version numbers for a specific schema
            </summary>
            <param name="subject">The subject name the schema is registered against.</param>
            <param name="cancellationToken"></param>
            <returns></returns>
        </member>
    </members>
</doc>
