<?xml version="1.0"?>
<doc>
    <assembly>
        <name>CIS.Infrastructure.ExternalServicesHelpers</name>
    </assembly>
    <members>
        <member name="T:CIS.Infrastructure.ExternalServicesHelpers.AssemblyDoc">
            <summary>
            Podpora pro konzumaci REST a SOAP služeb třetích stran.
            </summary>
        </member>
        <member name="T:CIS.Infrastructure.ExternalServicesHelpers.Configuration.NamespaceDoc">
            <summary>
            Implementace konfigurace konzumované služby v appsettings.json.
            </summary>
        </member>
        <member name="T:CIS.Infrastructure.ExternalServicesHelpers.Configuration.ExternalServiceConfiguration`1">
            <summary>
            Výchozí implementace IExternalServiceConfiguration.
            </summary>
        </member>
        <member name="P:CIS.Infrastructure.ExternalServicesHelpers.Configuration.ExternalServiceConfiguration`1.UseDefaultProxy">
            <summary>
            Pokud je true, pouzije pro HttpClient systemovou proxy
            </summary>
        </member>
        <member name="P:CIS.Infrastructure.ExternalServicesHelpers.Configuration.ExternalServiceConfiguration`1.UseLogging">
            <summary>
            Zapne logovani request a response payloadu a hlavicek. Default: true
            </summary>
            <remarks>Je v konfiguraci, aby bylo možné měnit nastavení na úrovni CI/CD.</remarks>
        </member>
        <member name="P:CIS.Infrastructure.ExternalServicesHelpers.Configuration.ExternalServiceConfiguration`1.LogRequestPayload">
            <summary>
            True = do logu se ulozi plny payload odpovedi externi sluzby
            </summary>
        </member>
        <member name="P:CIS.Infrastructure.ExternalServicesHelpers.Configuration.ExternalServiceConfiguration`1.LogResponsePayload">
            <summary>
            True = do logu se ulozi plny request poslany do externi sluzby
            </summary>
        </member>
        <member name="P:CIS.Infrastructure.ExternalServicesHelpers.Configuration.ExternalServiceConfiguration`1.RequestTimeout">
            <summary>
            Default single request timeout in seconds
            </summary>
            <remarks>Default is set to 10 seconds</remarks>
        </member>
        <member name="P:CIS.Infrastructure.ExternalServicesHelpers.Configuration.ExternalServiceConfiguration`1.RequestRetryCount">
            <summary>
            Pokud první request timeoutuje, zkus ještě X opakovat
            </summary>
        </member>
        <member name="P:CIS.Infrastructure.ExternalServicesHelpers.Configuration.ExternalServiceConfiguration`1.RequestRetryTimeout">
            <summary>
            Mezi jednotlivými opakováními počkej X sekund
            </summary>
        </member>
        <member name="P:CIS.Infrastructure.ExternalServicesHelpers.Configuration.ExternalServiceConfiguration`1.ServiceUrl">
            <summary>
            Service URL when ServiceDiscovery is not being used. Use only when UseServiceDiscovery=false.
            </summary>
        </member>
        <member name="P:CIS.Infrastructure.ExternalServicesHelpers.Configuration.ExternalServiceConfiguration`1.UseServiceDiscovery">
            <summary>
            If True, then library will try to obtain all needed service URL's from ServiceDiscovery.
            </summary>
            <remarks>Default is set to True</remarks>
        </member>
        <member name="P:CIS.Infrastructure.ExternalServicesHelpers.Configuration.ExternalServiceConfiguration`1.IgnoreServerCertificateErrors">
            <summary>
            Pokud =true, ignoruje HttpClient problem s SSL certifikatem remote serveru.
            </summary>
        </member>
        <member name="P:CIS.Infrastructure.ExternalServicesHelpers.Configuration.ExternalServiceConfiguration`1.ImplementationType">
            <summary>
            Type of http client implementation - can be mock or real client or something else.
            </summary>
        </member>
        <member name="P:CIS.Infrastructure.ExternalServicesHelpers.Configuration.ExternalServiceConfiguration`1.Authentication">
            <summary>
            Typ pouzite autentizace na sluzbu treti strany
            </summary>
        </member>
        <member name="P:CIS.Infrastructure.ExternalServicesHelpers.Configuration.ExternalServiceConfiguration`1.Username">
            <summary>
            Autentizace - Username
            </summary>
        </member>
        <member name="P:CIS.Infrastructure.ExternalServicesHelpers.Configuration.ExternalServiceConfiguration`1.Password">
            <summary>
            Autentizace - Heslo
            </summary>
        </member>
        <member name="P:CIS.Infrastructure.ExternalServicesHelpers.Configuration.ExternalServiceConfiguration`1.ClientId">
            <summary>
            Client ID for oAuth
            </summary>
        </member>
        <member name="P:CIS.Infrastructure.ExternalServicesHelpers.Configuration.ExternalServiceConfiguration`1.ClientSecret">
            <summary>
            Client Secret for oAuth
            </summary>
        </member>
        <member name="P:CIS.Infrastructure.ExternalServicesHelpers.Configuration.ExternalServiceConfiguration`1.Scopes">
            <summary>
            Required oAuth scopes delimited by comma
            </summary>
        </member>
        <member name="P:CIS.Infrastructure.ExternalServicesHelpers.Configuration.ExternalServiceConfiguration`1.ServiceName">
            <summary>
            Nazev sluzby v ServiceDiscovery
            </summary>
        </member>
        <member name="P:CIS.Infrastructure.ExternalServicesHelpers.Configuration.ExternalServiceConfiguration`1.ServiceType">
            <summary>
            Pro sluzby tretich stran vzdy 3
            </summary>
        </member>
        <member name="T:CIS.Infrastructure.ExternalServicesHelpers.Configuration.ExternalServicesAuthenticationTypes">
            <summary>
            Možné typy autentizace na službu třetí strany.
            </summary>
        </member>
        <member name="F:CIS.Infrastructure.ExternalServicesHelpers.Configuration.ExternalServicesAuthenticationTypes.None">
            <summary>
            Bez autentizace
            </summary>
        </member>
        <member name="F:CIS.Infrastructure.ExternalServicesHelpers.Configuration.ExternalServicesAuthenticationTypes.Basic">
            <summary>
            HTTP Basic Authentication
            </summary>
        </member>
        <member name="F:CIS.Infrastructure.ExternalServicesHelpers.Configuration.ExternalServicesAuthenticationTypes.PasswordDigest">
            <summary>
            SOAP Password Digest
            </summary>
        </member>
        <member name="T:CIS.Infrastructure.ExternalServicesHelpers.Configuration.IExternalServiceConfiguration">
            <summary>
            Základní konfigurace externí služby (služby třetí strany).
            </summary>
            <remarks>Pro registraci HTTP klienta by se vždy měla používat generická verze interface.</remarks>
        </member>
        <member name="P:CIS.Infrastructure.ExternalServicesHelpers.Configuration.IExternalServiceConfiguration.UseDefaultProxy">
            <summary>
            Pokud je true, pouzije pro HttpClient systemovou proxy
            </summary>
        </member>
        <member name="P:CIS.Infrastructure.ExternalServicesHelpers.Configuration.IExternalServiceConfiguration.UseLogging">
            <summary>
            Zapne logovani request a response payloadu a hlavicek. Default: true
            </summary>
            <remarks>Je v konfiguraci, aby bylo možné měnit nastavení na úrovni CI/CD.</remarks>
        </member>
        <member name="P:CIS.Infrastructure.ExternalServicesHelpers.Configuration.IExternalServiceConfiguration.LogRequestPayload">
            <summary>
            True = do logu se ulozi plny payload odpovedi externi sluzby
            </summary>
        </member>
        <member name="P:CIS.Infrastructure.ExternalServicesHelpers.Configuration.IExternalServiceConfiguration.LogResponsePayload">
            <summary>
            True = do logu se ulozi plny request poslany do externi sluzby
            </summary>
        </member>
        <member name="P:CIS.Infrastructure.ExternalServicesHelpers.Configuration.IExternalServiceConfiguration.RequestTimeout">
            <summary>
            Default request timeout in seconds
            </summary>
            <remarks>Default is set to 5 seconds</remarks>
        </member>
        <member name="P:CIS.Infrastructure.ExternalServicesHelpers.Configuration.IExternalServiceConfiguration.RequestRetryCount">
            <summary>
            Apply retry policy on HttpRequest with supplied retry count
            </summary>
            <remarks>Default is set to 3</remarks>
        </member>
        <member name="P:CIS.Infrastructure.ExternalServicesHelpers.Configuration.IExternalServiceConfiguration.RequestRetryTimeout">
            <summary>
            Time between consequent retry requests in seconds
            </summary>
            <remarks>Default is set to 5s</remarks>
        </member>
        <member name="P:CIS.Infrastructure.ExternalServicesHelpers.Configuration.IExternalServiceConfiguration.IgnoreServerCertificateErrors">
            <summary>
            Pokud =true, ignoruje HttpClient problem s SSL certifikatem remote serveru.
            </summary>
        </member>
        <member name="P:CIS.Infrastructure.ExternalServicesHelpers.Configuration.IExternalServiceConfiguration.ImplementationType">
            <summary>
            Type of http client implementation - can be mock or real client or something else.
            </summary>
        </member>
        <member name="P:CIS.Infrastructure.ExternalServicesHelpers.Configuration.IExternalServiceConfiguration.Authentication">
            <summary>
            Typ pouzite autentizace na sluzbu treti strany
            </summary>
        </member>
        <member name="P:CIS.Infrastructure.ExternalServicesHelpers.Configuration.IExternalServiceConfiguration.Username">
            <summary>
            Autentizace - Username
            </summary>
        </member>
        <member name="P:CIS.Infrastructure.ExternalServicesHelpers.Configuration.IExternalServiceConfiguration.Password">
            <summary>
            Autentizace - Heslo
            </summary>
        </member>
        <member name="P:CIS.Infrastructure.ExternalServicesHelpers.Configuration.IExternalServiceConfiguration.ClientId">
            <summary>
            Client ID for oAuth
            </summary>
        </member>
        <member name="P:CIS.Infrastructure.ExternalServicesHelpers.Configuration.IExternalServiceConfiguration.ClientSecret">
            <summary>
            Client Secret for oAuth
            </summary>
        </member>
        <member name="P:CIS.Infrastructure.ExternalServicesHelpers.Configuration.IExternalServiceConfiguration.Scopes">
            <summary>
            Required oAuth scopes delimited by comma
            </summary>
            <example>pcp.contractmanagement</example>
        </member>
        <member name="P:CIS.Infrastructure.ExternalServicesHelpers.Configuration.IExternalServiceConfiguration.OAuthTokenEndpoint">
            <summary>
            KB technical user pseudo oAuth2 endpoint
            </summary>
            <example>https://uat1-caas.kb.cz/openam/json/caas/api/technicalUser/v1/token?_action=getToken</example>
        </member>
        <member name="T:CIS.Infrastructure.ExternalServicesHelpers.Configuration.IExternalServiceConfiguration`1">
            <summary>
            Generická verze konfigurace.
            </summary>
            <typeparam name="TClient">Typ HTTP klienta</typeparam>
        </member>
        <member name="T:CIS.Infrastructure.ExternalServicesHelpers.HttpHandlers.NamespaceDoc">
            <summary>
            Custom HttpHandlery k použití v IHttpHandlerFactory pipeline.
            </summary>
        </member>
        <member name="T:CIS.Infrastructure.ExternalServicesHelpers.HttpHandlers.BasicAuthenticationHttpHandler">
            <summary>
            Middleware pridavajici Authorization header do requestu. Username a password je zadavan do konstruktoru handleru pri pridavani HttpClienta.
            </summary>
        </member>
        <member name="T:CIS.Infrastructure.ExternalServicesHelpers.HttpHandlers.CorrelationIdForwardingHttpHandler">
            <summary>
            Přidá do requestu hlavičku s Correlation Id.
            </summary>
        </member>
        <member name="T:CIS.Infrastructure.ExternalServicesHelpers.HttpHandlers.ErrorHandlingHttpHandler">
            <summary>
            Mění výchozí HTTP vyjímky na jejich CIS ekvivalenty.
            </summary>
        </member>
        <member name="T:CIS.Infrastructure.ExternalServicesHelpers.HttpHandlers.KbHeadersHttpHandler">
            <summary>
            Middleware přidávájící KB hlavičky do requestu.
            </summary>
            <remarks>
            Přidává hlavičky X-KB-Caller-System-Identity a X-B3-TraceId a X-B3-SpanId.
            </remarks>
        </member>
        <member name="T:CIS.Infrastructure.ExternalServicesHelpers.HttpHandlers.KbPartyHeaderHttpHandler">
            <summary>
            Middleware přidávájící KB hlavičku s informací o přihlášeném uživateli do requestu.
            </summary>
            <remarks>
            Přidává hlavičku X-KB-Party-Identity-In-Service.
            </remarks>
        </member>
        <member name="T:CIS.Infrastructure.ExternalServicesHelpers.HttpHandlers.LoggingHttpHandler">
            <summary>
            Middleware pro logování payloadu a hlavičke requestu a responsu.
            </summary>
            <remarks>
            Vloží do kontextu logovaného záznamu klíče Payload a Headers s odpovídajícími objekty. Pokud např. response payload neobsahuje, není tento klíč do kontextu logovaného záznamu vložen.
            </remarks>
        </member>
        <member name="M:CIS.Infrastructure.ExternalServicesHelpers.ConfigurationExtensions.AddExternalServiceConfiguration``1(Microsoft.AspNetCore.Builder.WebApplicationBuilder,System.String,System.String)">
            <summary>
            Načtení konfigurace externí služby a její vložení do DI.
            </summary>
            <typeparam name="TClient">Typ klienta - interface pro danou verzi proxy nad API třetí strany</typeparam>
            <param name="serviceName">Název konzumované služby třetí strany</param>
            <param name="serviceImplementationVersion">Verze proxy nad API třetí strany</param>
            <exception cref="T:CIS.Core.Exceptions.CisConfigurationException">Chyba v konfiguraci služby - např. špatně zadaný typ implementace.</exception>
            <exception cref="T:CIS.Core.Exceptions.CisConfigurationNotFound">Konfigurace pro klíč ES:{serviceName}:{serviceImplementationVersion} nebyla nalezena v sekci ExternalServices v appsettings.json</exception>
        </member>
        <member name="M:CIS.Infrastructure.ExternalServicesHelpers.ConfigurationExtensions.AddExternalServiceConfigurationOfType``2(Microsoft.AspNetCore.Builder.WebApplicationBuilder,System.String,System.String)">
            <summary>
            Načtení konfigurace externí služby a její vložení do DI.
            Přetížení se používá pro případ, že externí služba má vlastní konfigurační třídu.
            </summary>
            <typeparam name="TClient">Typ klienta - interface pro danou verzi proxy nad API třetí strany</typeparam>
            <typeparam name="TConfiguration">Typ konfiguracni tridy</typeparam>
            <param name="serviceName">Název konzumované služby třetí strany</param>
            <param name="serviceImplementationVersion">Verze proxy nad API třetí strany</param>
            <exception cref="T:CIS.Core.Exceptions.CisConfigurationException">Chyba v konfiguraci služby - např. špatně zadaný typ implementace.</exception>
            <exception cref="T:CIS.Core.Exceptions.CisConfigurationNotFound">Konfigurace pro klíč ES:{serviceName}:{serviceImplementationVersion} nebyla nalezena v sekci ExternalServices v appsettings.json</exception>
        </member>
        <member name="M:CIS.Infrastructure.ExternalServicesHelpers.ConfigurationExtensions.validateConfiguration``1(CIS.Infrastructure.ExternalServicesHelpers.Configuration.IExternalServiceConfiguration{``0},System.String@,System.String@)">
            <summary>
            Validace konfigurace
            </summary>
        </member>
        <member name="M:CIS.Infrastructure.ExternalServicesHelpers.HttpHandlersExtensions.AddExternalServicesErrorHandling(Microsoft.Extensions.DependencyInjection.IHttpClientBuilder,System.String,System.Boolean)">
            <summary>
            Přidá do HttpClient try-catch tak, aby se nevraceli výchozí vyjímky, ale jejich CIS ekvivalenty.
            </summary>
            <param name="serviceName">Název ExternalServices proxy</param>
        </member>
        <member name="M:CIS.Infrastructure.ExternalServicesHelpers.HttpHandlersExtensions.AddExternalServicesKbHeaders(Microsoft.Extensions.DependencyInjection.IHttpClientBuilder,System.String,System.String)">
            <summary>
            Prida do kazdeho requestu HttpClienta hlavicky vyzadovane v KB.
            </summary>
            <param name="appComponent">Hodnota appComp v hlavičce X-KB-Caller-System-Identity. Pokud není vyplněno, je nastavena na "NOBY".</param>
        </member>
        <member name="M:CIS.Infrastructure.ExternalServicesHelpers.HttpHandlersExtensions.AddCustomerJourneyKbHeaders(Microsoft.Extensions.DependencyInjection.IHttpClientBuilder,System.String)">
            <summary>
            Prida KB hlavicku Customer-Journey
            </summary>
        </member>
        <member name="M:CIS.Infrastructure.ExternalServicesHelpers.HttpHandlersExtensions.AddExternalServicesKbPartyHeaders(Microsoft.Extensions.DependencyInjection.IHttpClientBuilder)">
            <summary>
            Prida do kazdeho requestu HttpClienta hlavicku s aktualnim uzivatelem vyzadovanou v KB.
            </summary>
        </member>
        <member name="M:CIS.Infrastructure.ExternalServicesHelpers.HttpHandlersExtensions.AddExternalServicesKbPartyHeadersWithFallback(Microsoft.Extensions.DependencyInjection.IHttpClientBuilder,SharedTypes.Types.UserIdentity)">
            <summary>
            Prida do kazdeho requestu HttpClienta hlavicku s aktualnim uzivatelem vyzadovanou v KB.
            </summary>
            <remarks>
            Pokud neexistuje kontext aktualniho uzivatele, fallbackuje na identitu zadanou v parametru.
            </remarks>
        </member>
        <member name="M:CIS.Infrastructure.ExternalServicesHelpers.HttpHandlersExtensions.AddExternalServicesCorrelationIdForwarding(Microsoft.Extensions.DependencyInjection.IHttpClientBuilder,System.String)">
            <summary>
            Doplňuje do každého requestu Correlation Id z OT.
            </summary>
            <param name="headerKey">Klíč v hlavičce, kam se má Id zapsat. Pokud není vyplněno, ne nastavena na "X-Correlation-ID".</param>
        </member>
        <member name="M:CIS.Infrastructure.ExternalServicesHelpers.StartupRestExtensions.AddExternalServiceRestClient``2(Microsoft.AspNetCore.Builder.WebApplicationBuilder)">
            <summary>
            Založení typed HttpClienta pro implementaci ExternalService.
            </summary>
            <remarks>
            Některé HttpHandlery jsou vkládané pomocí konfigurace - to je proto, že potřebujeme na úrovni CI/CD řešit, zda budou v pipeline nebo ne.
            </remarks>
            <typeparam name="TClient">Typ klienta - interface pro danou verzi proxy nad API třetí strany</typeparam>
            <typeparam name="TImplementation">Interní implementace TClient interface</typeparam>
        </member>
        <member name="T:CIS.Infrastructure.ExternalServicesHelpers.IExternalServiceClient">
            <summary>
            Marker interface for External Services Clients
            </summary>
        </member>
        <member name="P:CIS.Infrastructure.ExternalServicesHelpers.Soap.Password.Type">
            <summary>
            Default: http://docs.oasis-open.org/wss/2004/01/oasis-200401-wss-username-token-profile-1.0#PasswordText
            </summary>
        </member>
        <member name="P:CIS.Infrastructure.ExternalServicesHelpers.Soap.Nonce.EncodingType">
            <summary>
            Default: http://docs.oasis-open.org/wss/2004/01/oasis-200401-wss-soap-message-security-1.0#Base64Binary
            </summary>
        </member>
    </members>
</doc>
