<?xml version="1.0"?>
<doc>
    <assembly>
        <name>CIS.Infrastructure.Telemetry</name>
    </assembly>
    <members>
        <member name="T:CIS.Infrastructure.Telemetry.AssemblyDoc">
            <summary>
            Loggování a telemetrie
            </summary>
        </member>
        <member name="T:CIS.Infrastructure.Telemetry.NamespaceDoc">
            <summary>
            Loggování a telemetrie
            </summary>
        </member>
        <member name="T:CIS.Infrastructure.Telemetry.Configuration.NamespaceDoc">
            <summary>
            Konfigurace logování a telemerie
            </summary>
        </member>
        <member name="P:CIS.Infrastructure.Telemetry.Configuration.LogConfiguration.LogRequestPayload">
            <summary>
            True = do logu se ulozi plny request payload sluzby
            </summary>
        </member>
        <member name="P:CIS.Infrastructure.Telemetry.Configuration.LogConfiguration.LogResponsePayload">
            <summary>
            True = do logu se ulozi plny response payload sluzby
            </summary>
        </member>
        <member name="P:CIS.Infrastructure.Telemetry.Configuration.LogConfiguration.MaxPayloadLength">
            <summary>
            Maximální velikost obsahu vlastnosti Payload
            </summary>
        </member>
        <member name="P:CIS.Infrastructure.Telemetry.Configuration.LogConfiguration.File">
            <summary>
            Logovani do souboru
            </summary>
        </member>
        <member name="P:CIS.Infrastructure.Telemetry.Configuration.LogConfiguration.Database">
            <summary>
            Logovani do databaze
            </summary>
        </member>
        <member name="P:CIS.Infrastructure.Telemetry.Configuration.LogConfiguration.UseConsole">
            <summary>
            Logovat output do console
            </summary>
        </member>
        <member name="P:CIS.Infrastructure.Telemetry.Configuration.LogConfiguration.Seq">
            <summary>
            Logovani do Sequ
            </summary>
        </member>
        <member name="T:CIS.Infrastructure.Telemetry.Configuration.LogConfiguration.FileLogger">
            <summary>
            Nastaveni File sink dle https://github.com/serilog/serilog-sinks-file
            </summary>
        </member>
        <member name="P:CIS.Infrastructure.Telemetry.Configuration.LoggingConfiguration.LogType">
            <summary>
            Typ logu - gRPC nebo WebApi
            </summary>
        </member>
        <member name="P:CIS.Infrastructure.Telemetry.Configuration.LoggingConfiguration.Application">
            <summary>
            Jak se má logovat - nastavení sinků
            </summary>
        </member>
        <member name="P:CIS.Infrastructure.Telemetry.Configuration.LoggingConfiguration.IncludeOnlyPaths">
            <summary>
            Pokud je nastaveno, omezuje logování pouze na zadané RequestUrl
            </summary>
        </member>
        <member name="P:CIS.Infrastructure.Telemetry.Configuration.TracingConfiguration.UseConsole">
            <summary>
            Logovat output do console
            </summary>
        </member>
        <member name="T:CIS.Infrastructure.Telemetry.Enrichers.CisHeadersEnricher">
            <summary>
            Doda do kontextu log item ID a Login uzivatele
            </summary>
        </member>
        <member name="T:CIS.Infrastructure.Telemetry.Enrichers.PayloadMaxLengthEnricher">
            <summary>
            Enricher, ktery kontroluje delku vlastnosti Payload (pokud je v LogEvent) a byte length presahne trashold, trimuje Payload value na pozadovany max length
            </summary>
        </member>
        <member name="T:CIS.Infrastructure.Telemetry.LoggingExtensions">
            <summary>
            Extension metody do startupu aplikace pro registraci logování.
            </summary>
        </member>
        <member name="M:CIS.Infrastructure.Telemetry.LoggingExtensions.CreateStartupLogger(Microsoft.AspNetCore.Builder.WebApplicationBuilder)">
            <summary>
            Vytvoreni statickeho loggeru pro logovani startupu aplikace.
            </summary>
        </member>
        <member name="M:CIS.Infrastructure.Telemetry.LoggingExtensions.AddCisLogging(Microsoft.AspNetCore.Builder.WebApplicationBuilder)">
            <summary>
            Přidává do aplikace logování pomocí Serilogu.
            </summary>
            <remarks>
            Načte konfiguraci logování z appsettings.json.
            Přidá do DI IAuditLogger pro auditní logování.
            Přidá logování request a response do MediatR pipeline.
            </remarks>
        </member>
        <member name="M:CIS.Infrastructure.Telemetry.LoggingExtensions.AddCisLoggingPayloadBehavior(Microsoft.AspNetCore.Builder.WebApplicationBuilder)">
            <summary>
            pridani request behaviour mediatru - loguje request a response objekty
            logovat pouze u gRPC sluzeb
            </summary>
        </member>
        <member name="M:CIS.Infrastructure.Telemetry.LoggingExtensions.CloseAndFlush">
            <summary>
            Pri ukonceni aplikaci se ujisti, ze vsechny sinky jsou vyprazdnene
            </summary>
        </member>
        <member name="T:CIS.Infrastructure.Telemetry.TracingExtensions">
            <summary>
            Extension metody do startupu aplikace pro registraci tracingu.
            </summary>
        </member>
        <member name="M:CIS.Infrastructure.Telemetry.TracingExtensions.AddCisTracing(Microsoft.AspNetCore.Builder.WebApplicationBuilder)">
            <summary>
            Register Open Tracing instrumentation
            </summary>
        </member>
    </members>
</doc>
